# Redirects from what the browser requests to what we serve

/rustdocs                   https://paritytech.github.io/substrate/master/sc_service/ 301!

/how-to-guides              /reference/                                               301!

/docs/en/*                   /                                                        301!

/v3/*                        /                                                        301!
/v3                          /                                                        301!

/playground                  https://substrate.io/developers/playground/              301!
/how-to-guides/v3/*          /reference/how-to-guides/                                301!
/tutorials/v3/*              /tutorials/                                              301!
/substrate-how-to-guides     /reference/how-to-guides/                                301!
/substrate-how-to-guides/*   /reference/how-to-guides/                                301!
/recipes                     /reference/how-to-guides/                                301!
/recipes/*                   /reference/how-to-guides/                                301!
/tutorials/kitties           /tutorials/                                              301!
/tutorials/kitties/*         /tutorials/                                              301!
/kitties                     /tutorials/                                              301!
/kitties/*                   /tutorials/                                              301!

# Generic Pages
/docs/zh-CN                           /                                                                                     301!
/docs/zh-CN/*                         /                                                                                     301!
/videos                               /                                                                                     301!
/docs/en/contribute/help-translate    /v3/contribute/style-guide/                                                           301!
/en/community                         https://substrate.io/ecosystem/resources/community-resources/                         301!
/community                            https://substrate.io/ecosystem/resources/community-resources/                         301!
/newsletter	                          https://substrate.io/ecosystem/connect/newsletter/                                    301!
/seminar	                            https://substrate.io/ecosystem/resources/seminar/                                     301!
/terms	                              https://www.parity.io/terms/                                                          301!
/awesome-substrate                    https://github.com/substrate-developer-hub/awesome-substrate/blob/master/README.md    301!

/vundefined                          /                                                301!
/vundefined/*                        /                                                301!
/concepts/off-chain-features/        /main-docs/fundamentals/offchain-operations/     301!
/runtime/frame/                      /reference/frame-pallets/                        301!
/tutorials/add-a-pallet/             /tutorials/work-with-pallets/add-a-pallet/       301!
/runtime/upgrades/                   /main-docs/build/upgrade/                        301!
/tutorials/forkless-upgrades/        /tutorials/get-started/forkless-upgrade/         301!
/tools/                              /reference/command-line-tools/                   301!
/runtime/upgrades/                   /main-docs/build/upgrade/                        301!
/getting-started/architecture/       /main-docs/fundamentals/architecture/            301!

# Main Docs Redirects

/main-docs/                                                             /                                                301!
/main-docs                                                              /                                                301!
/main-docs/fundamentals/                                                /fundamentals/                                   301!
/main-docs/fundamentals/blockchain-basics/                              /fundamentals/blockchain-basics/                 301!
/main-docs/fundamentals/why-substrate/                                  /fundamentals/why-substrate/                     301!
/main-docs/fundamentals/architecture/                                   /fundamentals/architecture/                      301!
/main-docs/fundamentals/node-and-network-types/                         /fundamentals/node-and-network-types/            301!
/main-docs/fundamentals/runtime-intro/                                  /fundamentals/runtime-development/                     301!
/main-docs/fundamentals/consensus/                                      /fundamentals/consensus/                         301!
/main-docs/fundamentals/transaction-types/                              /fundamentals/transaction-types/                 301!
/main-docs/fundamentals/transaction-lifecycle/                          /fundamentals/transaction-lifecycle/             301!
/main-docs/fundamentals/state-transitions-and-storage/                  /fundamentals/state-transitions-and-storage/     301!
/main-docs/fundamentals/accounts-addresses-keys/                        /fundamentals/accounts-addresses-keys/           301!
/main-docs/fundamentals/rust-basics/                                    /fundamentals/rust-basics/                       301!
/main-docs/fundamentals/offchain-operations/                            /fundamentals/offchain-operations/               301!
/main-docs/install/                                                     /install/                                        301!
/main-docs/install/rust-builds/                                         /install/rust-builds/                            301!
/main-docs/install/linux/                                               /install/linux/                                  301!
/main-docs/install/macos/                                               /install/macos/                                  301!
/main-docs/install/windows/                                             /install/windows/                                301!
/main-docs/install/other-tools/                                         /install/other-tools/                            301!
/main-docs/install/troubleshooting/                                     /install/troubleshooting/                        301!
/main-docs/build/                                                       /build/                                          301!
/main-docs/build/libraries/                                             /build/libraries/                                301!
/main-docs/build/build-process/                                         /build/build-process/                            301!
/main-docs/build/runtime-storage/                                       /build/runtime-storage/                          301!
/main-docs/build/tx-weights-fees/                                       /build/tx-weights-fees/                          301!
/main-docs/build/custom-pallets/                                        /build/custom-pallets/                           301!
/main-docs/build/pallet-coupling/                                       /build/pallet-coupling/                          301!
/main-docs/build/events-errors/                                         /build/events-and-errors/                            301!
/main-docs/build/randomness/                                            /build/randomness/                               301!
/main-docs/build/chain-spec/                                            /build/chain-spec/                               301!
/main-docs/build/origins/                                               /build/origins/                                  301!
/main-docs/build/custom-rpc/                                            /build/custom-rpc/                               301!
/main-docs/build/application-dev/                                       /build/application-dev/                          301!
/main-docs/build/upgrade/                                               /build/upgrade/                                  301!
/main-docs/test/                                                        /test/                                           301!
/main-docs/test/unit-testing/                                           /test/unit-testing/                              301!
/main-docs/test/debug/                                                  /test/debug/                                     301!
/main-docs/test/benchmark/                                              /test/benchmark/                                 301!